evidence_id,file_name,sha256,evidence_type,source_owner_role,source_system,collection_method,collection_timestamp,period_start,period_end,asset_ids,application_ids,business_service_ids,control_or_test_refs,classification,synthetic_flag,integrity_status
MT-EV-501,artifacts/MT-EV-501-security-risk-review.md,28471247bdda8e2eb3e5bec039abffb93be9906aee86cf24526293b105c71dad,Governance record,CISO,Manual governance record,Generated synthetic fixture / portfolio document,2026-08-21T16:00:00+01:00,2026-04-01,2026-04-15,,,MT-BS-001;MT-BS-012,GDPR-CTL-001;MT-TST-501,Internal,true,Hash verified
MT-EV-502,artifacts/MT-EV-502-privacy-security-governance-review.md,eb963740720748c10881a4df2fd1fd975bbfabbbb0b0892d16094d3d3280e619,Meeting record,DPO,Manual governance record,Generated synthetic fixture / portfolio document,2026-08-21T16:00:00+01:00,2026-07-01,2026-07-16,,,MT-BS-012,GDPR-CTL-001;MT-TST-501,Internal,true,Hash verified
MT-EV-503,artifacts/MT-EV-503-privileged-identity-export.csv,85014e1169704cfc945d764da9950d00214bf59cc42cc6ebaf4a5a017faebed5,System export,IAM Operations Manager,MT-APP-001 Microsoft Entra ID,Generated synthetic fixture / portfolio document,2026-08-21T16:00:00+01:00,2026-07-01,2026-07-31,MT-AST-001,MT-APP-001,MT-BS-009,GDPR-CTL-002;MT-TST-502,Internal,true,Hash verified
MT-EV-504,artifacts/MT-EV-504-conditional-access-baseline.md,a06fe485cd338db38b3e535f93172705334eabf5a3ad0e974af62cc6e4ba88d5,Configuration,Director of IAM,MT-APP-001 Microsoft Entra ID,Generated synthetic fixture / portfolio document,2026-08-21T16:00:00+01:00,2026-07-01,2026-07-31,MT-AST-001,MT-APP-001,MT-BS-009,GDPR-CTL-002;MT-TST-502,Internal,true,Hash verified
MT-EV-505,artifacts/MT-EV-505-jml-sample.csv,7d37e6c63fa408fe53c7f061eaee25a9ffacb94ca45a5944d03eff452008afa9,Ticket/export sample,IAM Operations Manager,MT-APP-007 ServiceNow ITSM,Generated synthetic fixture / portfolio document,2026-08-21T16:00:00+01:00,2026-04-01,2026-06-30,MT-AST-010,MT-APP-007;MT-APP-001,MT-BS-009,GDPR-CTL-003;MT-TST-503,Internal,true,Hash verified
MT-EV-506,artifacts/MT-EV-506-encryption-baseline.md,765b5be1df1943c8829adaa7c18a01b47c1c41dda174b58ec550657da9eb9444,Configuration/test output,Cloud Platform Manager,MT-APP-003 Microsoft Azure Platform,Generated synthetic fixture / portfolio document,2026-08-21T16:00:00+01:00,2026-07-01,2026-07-31,MT-AST-003;MT-AST-005;MT-AST-016;MT-AST-025,MT-APP-003;MT-APP-011;MT-APP-012;MT-APP-018,MT-BS-001;MT-BS-005;MT-BS-012,GDPR-CTL-004;MT-TST-504,Internal,true,Hash verified
MT-EV-507,artifacts/MT-EV-507-dlp-test-sample.csv,b24f27b9aeef9bef58b7e99a6f9aec2279eb90532ec42b18e5cdcd423884e089,DLP report,Security Engineering Lead,Microsoft Purview / endpoint controls (synthetic),Generated synthetic fixture / portfolio document,2026-08-21T16:00:00+01:00,2026-04-01,2026-07-31,MT-AST-002;MT-AST-024,MT-APP-002;MT-APP-020,MT-BS-012,GDPR-CTL-005;MT-TST-505,Internal,true,Hash verified
MT-EV-508,artifacts/MT-EV-508-vulnerability-aging.csv,48053c987e2798238fb6f9291c9c5aa118dd9fee0d9bea0338057346e99179ec,Vulnerability report,Vulnerability Operations Lead,MT-APP-016 Qualys VMDR,Generated synthetic fixture / portfolio document,2026-08-21T16:00:00+01:00,2026-07-01,2026-07-31,MT-AST-003;MT-AST-005;MT-AST-022,MT-APP-016;MT-APP-012;MT-APP-018,MT-BS-001;MT-BS-005,GDPR-CTL-006;MT-TST-506,Internal,true,Hash verified
MT-EV-509,artifacts/MT-EV-509-critical-log-source-inventory.csv,34bd6e7273be6010bdacc283f3374794f4baf3b92eb987c54d27026bab27c8be,System inventory,SIEM Engineering Lead,MT-APP-005 Microsoft Sentinel,Generated synthetic fixture / portfolio document,2026-08-21T16:00:00+01:00,2026-07-01,2026-07-31,MT-AST-008;MT-AST-023,MT-APP-005;MT-APP-018;MT-APP-019,MT-BS-008;MT-BS-012,GDPR-CTL-007;MT-TST-507,Internal,true,Hash verified
MT-EV-510,artifacts/MT-EV-510-siem-coverage-review.md,281c92e13898a4f7a04a6c44418c546f1c8e18d011cb632d1425a7e0d0b9c4ac,Review record,Head of Security Operations,MT-APP-005 Microsoft Sentinel,Generated synthetic fixture / portfolio document,2026-08-21T16:00:00+01:00,2026-07-01,2026-07-31,MT-AST-008;MT-AST-023,MT-APP-005;MT-APP-018;MT-APP-019,MT-BS-008;MT-BS-012,GDPR-CTL-007;MT-TST-507,Internal,true,Hash verified
MT-EV-511,artifacts/MT-EV-511-resilience-design.md,a5950125bf17f5b59a49ba384cdb7299a4488bca4b0b8f233799839327f4cbe1,Architecture record,Director of Cloud & Infrastructure,MT-APP-003 Microsoft Azure Platform,Generated synthetic fixture / portfolio document,2026-08-21T16:00:00+01:00,2026-04-01,2026-07-31,MT-AST-003;MT-AST-005;MT-AST-016;MT-AST-020,MT-APP-003;MT-APP-011;MT-APP-015,MT-BS-001;MT-BS-011,GDPR-CTL-008;MT-TST-508,Internal,true,Hash verified
MT-EV-512,artifacts/MT-EV-512-backup-inventory.csv,54a8f78478d2429648daeb65f58b4a9a5a518daebc86d10bd95d01f372e94678,Backup report,Backup & Recovery Lead,MT-APP-015 Azure Backup / Recovery Services,Generated synthetic fixture / portfolio document,2026-08-21T16:00:00+01:00,2026-07-01,2026-07-31,MT-AST-020;MT-AST-016,MT-APP-015;MT-APP-011;MT-APP-018;MT-APP-019,MT-BS-001;MT-BS-011;MT-BS-012,GDPR-CTL-009;MT-TST-509,Internal,true,Hash verified
MT-EV-513,artifacts/MT-EV-513-restore-test-register.md,fb5ed9a0520e410efa11d34918f4bf94c5c3f188340d7b0c1d623587dbe5a8f9,Test register,Backup & Recovery Lead,MT-APP-015 Azure Backup / Recovery Services,Generated synthetic fixture / portfolio document,2026-08-21T16:00:00+01:00,2025-08-01,2026-07-31,MT-AST-020;MT-AST-016,MT-APP-015;MT-APP-011,MT-BS-001;MT-BS-011,GDPR-CTL-009;MT-TST-509,Internal,true,Hash verified
MT-EV-514,artifacts/MT-EV-514-control-testing-schedule.csv,10eb0cefa120f99a627bf01ef33f8668adcc4fb47f18d03b7a44b25fbb47f42b,Assurance schedule,Cyber GRC Lead,Manual assurance register,Generated synthetic fixture / portfolio document,2026-08-21T16:00:00+01:00,2026-01-01,2026-06-30,,,MT-BS-008;MT-BS-012,GDPR-CTL-010;MT-TST-510,Internal,true,Hash verified
MT-EV-515,artifacts/MT-EV-515-breach-tabletop-timeline.csv,09c20a9257b470279b22dc6e1c285922b37c1541d821bf8f5873dcb7ee1b5333,Tabletop timeline,Incident Response Lead / DPO,Tabletop exercise,Generated synthetic fixture / portfolio document,2026-08-21T16:00:00+01:00,2026-08-12,2026-08-13,,,MT-BS-001;MT-BS-012,GDPR-CTL-011;MT-TST-511,Internal,true,Hash verified
MT-EV-516,artifacts/MT-EV-516-breach-decision-log.md,6e507e2662922773ea2f6afafd69839b9f07a0faad2733fabf0bfc443ae4b4a4,Decision log,DPO,Tabletop exercise,Generated synthetic fixture / portfolio document,2026-08-21T16:00:00+01:00,2026-08-12,2026-08-13,,,MT-BS-001;MT-BS-012,GDPR-CTL-011;MT-TST-511,Internal,true,Hash verified
MT-EV-517,artifacts/MT-EV-517-processor-due-diligence-register.csv,6d97ddb3439de55f318bb5f9e204e0fe8a4c6797b90b29982c3add63c9ba58ca,Third-party register,Supplier Risk Manager,Third-party risk register,Generated synthetic fixture / portfolio document,2026-08-21T16:00:00+01:00,2025-01-01,2026-08-21,,MT-APP-018;MT-APP-019,MT-BS-005;MT-BS-012,GDPR-CTL-012;MT-TST-512,Internal,true,Hash verified
MT-EV-518,artifacts/MT-EV-518-northbridge-contract-security-extract.md,3b63232701305cc85fbf0c3739b1d798d02854557c6e13e16d1fe127b1a012db,Contract extract,Supplier Risk Manager / DPO,MT-TP-010 Northbridge CRM Services Ltd,Generated synthetic fixture / portfolio document,2026-08-21T16:00:00+01:00,2025-01-01,2026-08-21,,MT-APP-018,MT-BS-005;MT-BS-012,GDPR-CTL-012;MT-TST-512,Internal,true,Hash verified
MT-EV-519,artifacts/MT-EV-519-rights-request-sample.csv,2d96dcb510219b8cf29e6b1c226151f01c25e81b9b2b21e54829ea0d54db3550,Case sample,Privacy Operations Manager,MT-APP-019 ServiceNow Privacy Case Management,Generated synthetic fixture / portfolio document,2026-08-21T16:00:00+01:00,2026-04-01,2026-06-30,MT-AST-010,MT-APP-019;MT-APP-018,MT-BS-012,MT-TST-513,Internal,true,Hash verified
MT-EV-520,artifacts/MT-EV-520-rights-search-checklist.md,94c4116f3f2cbaad60ad79f16091498982614df0deb27b0a0a463767b19702e2,Procedure / checklist,Privacy Operations Manager,MT-APP-019 ServiceNow Privacy Case Management,Generated synthetic fixture / portfolio document,2026-08-21T16:00:00+01:00,2026-04-01,2026-06-30,MT-AST-010,MT-APP-019,MT-BS-012,MT-TST-513,Internal,true,Hash verified
MT-EV-521,artifacts/MT-EV-521-restricted-transfer-register.csv,dad459757195ee107390e87ba527f74bd3dc38716c2824179fa7a06d3258b83f,Transfer register,DPO / Privacy Legal,Privacy transfer register,Generated synthetic fixture / portfolio document,2026-08-21T16:00:00+01:00,2026-01-01,2026-08-21,,MT-APP-001;MT-APP-018,MT-BS-001;MT-BS-012,MT-TST-514,Internal,true,Hash verified
MT-EV-522,artifacts/MT-EV-522-transfer-risk-assessment-summary.md,8aa289e7f1457accfc0292845729fd949e92e1528ff6a8f005a06a5104c560a1,Assessment record,DPO / Privacy Legal,Privacy transfer register,Generated synthetic fixture / portfolio document,2026-08-21T16:00:00+01:00,2026-01-01,2026-08-21,,MT-APP-001;MT-APP-018,MT-BS-001;MT-BS-012,MT-TST-514,Internal,true,Hash verified
